Post Body Contains,Post Tags Contains,Count
I am trying,visualization,1468
I am trying,graph,11129
I am trying,plot,11545
I am trying,diagram,302
I am trying,map,16913
How do I,visualization,466
How do I,graph,3386
How do I,plot,3949
How do I,diagram,113
How do I,map,4970
help me,visualization,745
help me,graph,6582
help me,plot,4069
help me,diagram,246
help me,map,12597
is there a way to,visualization,101
is there a way to,graph,936
is there a way to,plot,826
is there a way to,diagram,30
is there a way to,map,1234
